KMHOK,ATLASBLOK,KM,grid_id,centroid,NDVI_2020,NDVI_2021,NDVI_2022,NDVI_2023,NDVI_2024,NDVI_2025,NDVI_2026,centroid_x,centroid_y,label
163731,1637,31,0,POINT (6.210545520986347 52.82188325378897),0.12040557712316513,0.10577833652496338,0.0794406458735466,0.1334068328142166,0.0823117345571518,0.10854503512382507,0.10338733345270157,210500.00016666565,537500.000488498,210 - 537
163733,1637,33,1,POINT (6.24021230129988 52.82167465128618),0.7986442446708679,0.8341140151023865,0.7853635549545288,0.8592607975006104,0.856630802154541,0.8292737603187561,0.897022008895874,212500.0001684363,537500.0004884609,212 - 537
163644,1636,44,2,POINT (6.180715421730686 52.813098560614876),0.8613951206207275,0.8372576832771301,0.8259568810462952,0.8146835565567017,0.7570511102676392,0.864745020866394,0.8531177639961243,208500.00016491156,536500.0004879864,208 - 536
163634,1636,34,3,POINT (6.1808784217823005 52.82208447508419),0.7461638450622559,0.745718240737915,0.7176976203918457,0.768023669719696,0.7492727041244507,0.5361901521682739,0.5070821642875671,208500.00016489395,537500.0004885329,208 - 537
163741,1637,41,4,POINT (6.210376430764841 52.81289739234487),0.4992503821849823,0.5433279275894165,0.5156084895133972,0.4186222553253174,0.5542430877685547,0.2869166135787964,0.26731738448143005,210500.00016668308,536500.0004879505,210 - 536
163635,1636,35,5,POINT (6.1957120105280055 52.8219847870977),0.8691896200180054,0.858013927936554,0.8231896758079529,0.7893030643463135,0.833448052406311,0.8520112037658691,0.9183982014656067,209500.0001657794,537500.000488515,209 - 537
163645,1636,45,6,POINT (6.195545965364236 52.81299889889793),0.5738657116889954,0.673758864402771,0.651359498500824,0.7382645606994629,0.7495750784873962,0.612815260887146,0.6802629828453064,209500.00016579768,536500.0004879683,209 - 536
163742,1637,42,7,POINT (6.225206816498213 52.812794040975994),0.5317460298538208,0.5667420625686646,0.5328466892242432,0.5630252361297607,0.6147986650466919,0.5306859016418457,0.562254786491394,211500.00016756833,536500.0004879336,211 - 536
163732,1637,32,8,POINT (6.225378951722046 52.821779875178244),0.7144384980201721,0.6295620203018188,0.42592859268188477,0.6454081535339355,0.7023780345916748,0.4482323229312897,0.3974452614784241,211500.00016755093,537500.0004884797,211 - 537
163743,1637,43,9,POINT (6.240037121130136 52.812688844811944),0.7494581937789917,0.7774193286895752,0.733620285987854,0.804809033870697,0.8183776140213013,0.7186424136161804,0.721420407295227,212500.00016845486,536500.0004879162,212 - 536
163734,1637,34,10,POINT (6.255045568284661 52.821567582133795),0.8481166362762451,0.8496195673942566,0.4369630515575409,0.5780590772628784,0.7584423422813416,0.371552973985672,0.7572349309921265,213500.00016932117,537500.0004884438,213 - 537
163744,1637,44,11,POINT (6.254867343226407 52.8125818038737),0.7479387521743774,0.7823697328567505,0.755119800567627,0.7943925261497498,0.7955271601676941,0.7009690999984741,0.7538148760795593,213500.00016934096,536500.0004878977,213 - 536
163745,1637,45,12,POINT (6.269697481352886 52.812472918182635),0.7609391808509827,0.7753304243087769,0.75837641954422,0.7963737845420837,0.822857141494751,0.6840039491653442,0.7400000095367432,214500.00017022525,536500.0004878797,214 - 536
163735,1637,35,13,POINT (6.269878751241273 52.82145866774247),0.6236391663551331,0.732300877571106,0.6127628684043884,0.6911898255348206,0.7147934436798096,0.6410009860992432,0.780570924282074,214500.0001702067,537500.0004884256,214 - 537
163841,1638,41,14,POINT (6.284527534075543 52.81236218776052),0.7652812004089355,0.7556561231613159,0.7634730339050293,0.7660008072853088,0.7979981899261475,0.7303844094276428,0.7620081901550293,215500.00017111131,536500.0004878615,215 - 536
163831,1638,31,15,POINT (6.284711848734628 52.82134790813399),0.8053339123725891,0.8546074628829956,0.8028045296669006,0.7540106773376465,0.7990068793296814,0.8089864253997803,0.8629024028778076,215500.0001710916,537500.0004884063,215 - 537
163842,1638,42,16,POINT (6.299357499960307 52.812249612629444),0.8638297915458679,0.7845296859741211,0.7945876121520996,0.7842617034912109,0.8609230518341064,0.8475644588470459,0.8811709880828857,216500.0001719962,536500.0004878412,216 - 536
163832,1638,32,17,POINT (6.299544859329737 52.82123530333045),0.8209542632102966,0.7964625954627991,0.7788958549499512,0.747543454170227,0.7943262457847595,0.8217270374298096,0.8727290034294128,216500.00017197648,537500.0004883851,216 - 537
163834,1638,34,18,POINT (6.329210614085362 52.82100455822856),0.4814108610153198,0.5693950057029724,0.46291980147361755,0.4624159038066864,0.5199108719825745,0.5468659996986389,0.3065481185913086,218500.00017374658,537500.0004883449,218 - 537
163843,1638,43,19,POINT (6.3141873775732495 52.81213519281185),0.8871103525161743,0.8433539271354675,0.8033199906349182,0.846024751663208,0.8425031304359436,0.8578118085861206,0.8537853956222534,217500.00017288176,536500.0004878205,217 - 536
163833,1638,33,20,POINT (6.314377781591613 52.82112085335436),0.8730224967002869,0.8717591166496277,0.8047410249710083,0.8368055820465088,0.8718309998512268,0.802935004234314,0.8855646848678589,217500.00017286174,537500.0004883646,217 - 537
163844,1638,44,21,POINT (6.329017165480444 52.81201892833065),0.8030006289482117,0.8171466588973999,0.7873948216438293,0.8424769043922424,0.8315467238426208,0.7454798221588135,0.8019770383834839,218500.00017376625,536500.0004877998,218 - 536
163845,1638,45,22,POINT (6.343846862248072 52.811900819209036),0.8109380602836609,0.8367043733596802,0.8060082197189331,0.8125894069671631,0.8317200541496277,0.7894737124443054,0.7901134490966797,219500.00017465305,536500.0004877793,219 - 536
163835,1638,35,23,POINT (6.344043355376137 52.82088641797631),0.842201828956604,0.8444833755493164,0.748251736164093,0.8255565762519836,0.8711937665939331,0.7094767689704895,0.6796098351478577,219500.0001746303,537500.0004883268,219 - 537
161712,1617,12,24,POINT (6.2274509209060716 52.92960812279558),0.877204179763794,0.5775712728500366,0.6254136562347412,0.3922204077243805,0.6542056202888489,0.7567110061645508,0.8982144594192505,211500.00016732933,549500.0004949677,211 - 549
163624,1636,24,25,POINT (6.1810414986859525 52.83107036738668),-0.20087336003780365,-0.25798526406288147,-0.21676892042160034,-0.0833333358168602,-0.06976744532585144,-0.026239067316055298,-0.13149847090244293,208500.00016487663,538500.0004890768,208 - 538
163614,1636,14,26,POINT (6.1812046524950786 52.840056237413215),0.7912772297859192,0.7656044960021973,0.7192429304122925,0.7407035231590271,0.8067120909690857,0.6800661087036133,0.7045422196388245,208500.00016485903,539500.0004896207,208 - 539
162654,1626,54,27,POINT (6.181367883263205 52.849042085054634),0.7951690554618835,0.823972761631012,0.7876747846603394,0.8084483742713928,0.8273859024047852,0.7833413481712341,0.8005033135414124,208500.0001648426,540500.000490166,208 - 540
162644,1626,44,28,POINT (6.181531191043877 52.85802791020175),0.7108225226402283,0.6743220686912537,0.6555256247520447,0.7397540807723999,0.7881960868835449,0.7519841194152832,0.7903441786766052,208500.00016482445,541500.0004907097,208 - 541
162634,1626,34,29,POINT (6.181694575890726 52.86701371274543),0.4972222149372101,0.3986116051673889,0.6104221940040588,0.5441081523895264,0.5372993350028992,0.5136338472366333,0.3136988878250122,208500.0001648072,542500.0004912517,208 - 542
162624,1626,24,30,POINT (6.181858037857404 52.87599949257648),0.5577130317687988,0.556114912033081,0.43689703941345215,0.4342948794364929,0.49776357412338257,0.31425514817237854,0.5993150472640991,208500.00016478868,543500.0004917933,208 - 543
162614,1626,14,31,POINT (6.182021576997643 52.884985249585796),0.7920966744422913,0.8477734327316284,0.8279821872711182,0.8413407802581787,0.8303674459457397,0.8355981111526489,0.8843110799789429,208500.0001647723,544500.0004923325,208 - 544
161654,1616,54,32,POINT (6.182185193365172 52.893970983664175),0.70923912525177,0.6725829839706421,0.7110337018966675,0.5587888360023499,0.7119815945625305,0.6830117106437683,0.5454394221305847,208500.00016475402,545500.000492871,208 - 545
161644,1616,44,33,POINT (6.1823488870138466 52.9029566947025),0.6712849736213684,0.7208757996559143,0.6788648366928101,0.7115749716758728,0.6800377368927002,0.6780303120613098,0.7616003751754761,208500.000164737,546500.0004934098,208 - 546
162635,1626,35,34,POINT (6.196543411747118 52.866913893249254),0.8051839470863342,0.7959011197090149,0.7411662936210632,0.7990323901176453,0.8345478177070618,0.7035225033760071,0.7672373652458191,209500.00016569102,542500.0004912349,209 - 542
162751,1627,51,35,POINT (6.211053270208543 52.84884070455295),0.7675639986991882,0.8165997266769409,0.6808404326438904,0.8006116151809692,0.8503649830818176,0.6276363730430603,0.6396109461784363,210500.00016661076,540500.0004901318,210 - 540
163615,1636,15,36,POINT (6.1960443357720605 52.83995649685528),0.8711264133453369,0.8583583235740662,0.7763515114784241,0.8746543526649475,0.8270936012268066,0.8133094906806946,0.8988590836524963,209500.00016574445,539500.0004896023,209 - 539
163625,1636,25,37,POINT (6.195878133979123 52.83097065311987),0.7808650135993958,0.7213989496231079,0.6980354189872742,0.8126232624053955,0.7597367167472839,0.6644822955131531,0.4046511650085449,209500.00016576226,538500.0004890583,209 - 538
163721,1637,21,38,POINT (6.21071469093048 52.83086909304444),0.5553686618804932,0.4339419901371002,0.35980552434921265,0.875386655330658,0.8090270161628723,0.8407188057899475,0.8929929137229919,210500.0001666472,538500.0004890416,210 - 538
163711,1637,11,39,POINT (6.210883940652714 52.83985491000216),0.8173950910568237,0.733548104763031,0.7306122183799744,0.7490196228027344,0.7573022842407227,0.6627592444419861,0.7730114459991455,210500.00016662938,539500.0004895864,210 - 539
162645,1626,45,40,POINT (6.196376974601466 52.85792811702917),0.8058405518531799,0.8310242891311646,0.7870292663574219,0.8505555391311646,0.8765133023262024,0.7367088794708252,0.7672797441482544,209500.00016570854,541500.0004906936,209 - 541
162655,1626,55,41,POINT (6.196210615961321 52.84894231819478),0.7145110368728638,0.41108018159866333,0.4440016448497772,0.577384352684021,0.6815328598022461,0.6669260859489441,0.40163278579711914,209500.00016572652,540500.0004901489,209 - 540
162741,1627,41,42,POINT (6.211222679653556 52.85782647658758),0.5338456034660339,0.591130793094635,0.5609509348869324,0.5167421102523804,0.616425096988678,0.5489891171455383,0.6170974969863892,210500.00016659338,541500.0004906742,210 - 541
162731,1627,31,43,POINT (6.211392169043339 52.86681222599692),0.9007833003997803,0.8558498620986938,0.841255784034729,0.8280346989631653,0.756686806678772,0.8526633977890015,0.9191655516624451,210500.00016657484,542500.0004912149,210 - 542
162752,1627,52,44,POINT (6.225895844566607 52.848737244149454),0.886679470539093,0.8530398607254028,0.8270958662033081,0.5345607995986938,0.6296969652175903,0.3522198796272278,0.3151586353778839,211500.00016749566,540500.0004901146,211 - 540
163712,1637,12,45,POINT (6.225723465699754 52.83975147687415),0.7877038717269897,0.6187771558761597,0.4712643623352051,0.7197416424751282,0.7067563533782959,0.6342592835426331,0.5379259586334229,211500.00016751414,539500.0004895709,211 - 539
163722,1637,22,46,POINT (6.225551168103744 52.83076568718068),0.8270227313041687,0.7991807460784912,0.703645646572113,0.5905383229255676,0.8102189898490906,0.6817806959152222,0.7623481750488281,211500.0001675329,538500.0004890254,211 - 538
162732,1627,32,47,POINT (6.226240846339116 52.866708711008854),0.6115305423736572,0.6473063826560974,0.6103140115737915,0.6937639117240906,0.8005082607269287,0.6320541501045227,0.6355620622634888,211500.00016745928,542500.0004911972,211 - 542
162742,1627,42,48,POINT (6.22606830476085 52.857722988897414),0.8344736099243164,0.8362773060798645,0.6916502118110657,0.7342773675918579,0.8294912576675415,0.6568830013275146,0.7383880615234375,211500.00016747732,541500.0004906557,211 - 541
161741,1617,41,49,POINT (6.212070927164441 52.90275499519792),0.8065551519393921,0.8366705179214478,0.7545257210731506,0.49211356043815613,0.6515513062477112,0.38664373755455017,0.5014592409133911,210500.00016650243,546500.0004933745,210 - 546
162711,1627,11,50,POINT (6.211731387879998 52.884783656503046),0.7872585654258728,0.8216789364814758,0.7928499579429626,0.7871502041816711,0.7771151661872864,0.7666874527931213,0.640802800655365,210500.00016653916,544500.0004922985,210 - 544
162625,1626,25,51,POINT (6.196709927452945 52.87589964674591),0.534432590007782,0.45550307631492615,0.5708933472633362,0.7438639402389526,0.5687606334686279,0.41429516673088074,0.6532891988754272,209500.00016567367,543500.0004917763,209 - 543
162615,1626,15,52,POINT (6.196876521773637 52.88488537740995),0.5013927817344666,0.49243515729904175,0.38259756565093994,0.5277207493782043,0.809152364730835,0.36673930287361145,0.3162307143211365,209500.00016565545,544500.0004923161,209 - 544
162721,1627,21,53,POINT (6.211561738433579 52.875797952671796),0.80784010887146,0.834430456161499,0.8114721179008484,0.8151571154594421,0.8211635947227478,0.7654321193695068,0.7767288088798523,210500.0001665567,543500.0004917566,210 - 543
161645,1616,45,54,POINT (6.197209946478809 52.90285676980362),0.8892794251441956,0.8753734230995178,0.8295838832855225,0.7984640598297119,0.8044548630714417,0.8405582308769226,0.9145566821098328,209500.00016561957,546500.0004933923,209 - 546
161655,1616,55,55,POINT (6.197043194763997 52.89387108513224),0.8573501706123352,0.8587102890014648,0.7951229810714722,0.8355704545974731,0.7807058691978455,0.43165239691734314,0.6403015851974487,209500.0001656376,545500.0004928546,209 - 545
161751,1617,51,56,POINT (6.211901117438328 52.89376933738146),0.7657413482666016,0.7261847853660583,0.7693687677383423,0.8055727481842041,0.809394121170044,0.6197655200958252,0.7199570536613464,210500.0001665203,545500.0004928377,210 - 545
162712,1627,12,57,POINT (6.226586173874386 52.88468008688544),0.7806379199028015,0.7849045991897583,0.7874423861503601,0.7850899696350098,0.7966285943984985,0.7472841739654541,0.7350757122039795,211500.00016742147,544500.0004922792,211 - 544
162722,1627,22,58,POINT (6.226413469358049 52.87569441037458),0.7748031616210938,0.7735922336578369,0.7348455190658569,0.760831892490387,0.8232380747795105,0.6912650465965271,0.7492343187332153,211500.00016744027,543500.0004917387,211 - 543
161742,1617,42,59,POINT (6.226931827626433 52.902651370905815),0.5400057435035706,0.58957439661026,0.5263557434082031,0.5528500080108643,0.6874635815620422,0.3982398211956024,0.43293899297714233,211500.00016738498,546500.0004933563,211 - 546
161752,1617,52,60,POINT (6.226758959944921 52.89366574043224),0.8060255646705627,0.8544267416000366,0.8397698998451233,0.806506872177124,0.805504560470581,0.806390106678009,0.8106886744499207,211500.000167404,545500.0004928184,211 - 545
115742,1157,42,61,POINT (6.227797392191699 52.94757917335461),0.8947163224220276,0.8737835884094238,0.8429751992225647,0.8543020486831665,0.7954545617103577,0.8150935173034668,0.9133720397949219,211500.00016729164,551500.0004960344,211 - 551
115655,1156,55,62,POINT (6.197877741680897 52.938799275797095),0.8662301301956177,0.827288806438446,0.8190364241600037,0.83034747838974,0.8009995222091675,0.8831886053085327,0.8911214470863342,209500.000165548,550500.000495538,209 - 550
161624,1616,24,63,POINT (6.182676506370034 52.92092804722244),0.8846153616905212,0.8638213276863098,0.7991690039634705,0.8933551907539368,0.8739047050476074,0.8493034839630127,0.8628953695297241,208500.00016470146,548500.0004944841,208 - 548
161634,1616,34,64,POINT (6.1825126579974965 52.91194238259164),0.5273792147636414,0.6351557374000549,0.7261107563972473,0.5630180835723877,0.6998695135116577,0.8247708082199097,0.8731887936592102,208500.00016471968,547500.0004939472,208 - 547
161635,1616,35,65,POINT (6.19737677697296 52.91184243131495),0.8114216327667236,0.8131629824638367,0.7778877019882202,0.8397040963172913,0.847533643245697,0.8428485989570618,0.8889331221580505,209500.00016560112,547500.0004939294,209 - 547
161625,1616,25,66,POINT (6.197543686301377 52.92082806955707),0.7762795090675354,0.761079728603363,0.6799836158752441,0.7894030809402466,0.8127767443656921,0.6794013381004333,0.7191011309623718,209500.00016558394,548500.000494466,209 - 548
161614,1616,14,67,POINT (6.182840432185447 52.92991368848576),0.90055251121521,0.8606379628181458,0.8642359375953674,0.8678206205368042,0.8876256942749023,0.8669208884239197,0.8996109962463379,208500.00016468397,549500.0004950201,208 - 549
115654,1156,54,68,POINT (6.183004435497733 52.93889930627246),0.8323739171028137,0.8353133797645569,0.7825296521186829,0.8467709422111511,0.7179842591285706,0.8450363278388977,0.8502743244171143,208500.00016466613,550500.0004955553,208 - 550
115644,1156,44,69,POINT (6.183168516360961 52.947884900473404),0.8210301399230957,0.8199672698974609,0.7008525133132935,0.8689818382263184,0.7765957713127136,0.8493562340736389,0.902878999710083,208500.00016464866,551500.0004960885,208 - 551
161615,1616,15,70,POINT (6.197710674519016 52.92981368442082),0.8188574314117432,0.8497065901756287,0.7983574867248535,0.8205689191818237,0.8724252581596375,0.824826717376709,0.8508815169334412,209500.00016556573,549500.0004950021,209 - 549
115645,1156,45,71,POINT (6.1980448878421 52.94778484357671),0.7629299759864807,0.7717524170875549,0.7228047251701355,0.8323127627372742,0.8155093789100647,0.7448880076408386,0.6386018991470337,209500.00016552964,551500.0004960726,209 - 551
161722,1617,22,72,POINT (6.227277808050046 52.92062256219664),0.7617128491401672,0.7954930067062378,0.7741813063621521,0.818671464920044,0.4439716339111328,0.5419320464134216,0.35131964087486267,211500.000167348,548500.0004944319,211 - 548
161731,1617,31,73,POINT (6.212240817114185 52.91174062984326),0.5847709774971008,0.41863560676574707,0.4125456213951111,0.3134556710720062,0.3928695023059845,0.4991033971309662,0.3737843632698059,210500.00016648468,547500.0004939119,210 - 547
161721,1617,21,74,POINT (6.21241078734349 52.92072624120833),0.8917055130004883,0.8369866013526917,0.8585109710693359,0.863101601600647,0.8742023706436157,0.8224543333053589,0.9176881313323975,210500.00016646564,548500.0004944487,210 - 548
161732,1617,32,75,POINT (6.22710477697583 52.911636978196995),0.5978779792785645,0.563032865524292,0.507561981678009,0.5487618446350098,0.5848850011825562,0.5248690843582153,0.306350976228714,211500.00016736594,547500.0004938944,211 - 547
161711,1617,11,76,POINT (6.212580837908317 52.92971182918396),0.48424503207206726,0.5150027275085449,0.4069383144378662,0.36835747957229614,0.6456348299980164,0.35589635372161865,0.2947780191898346,210500.0001664474,549500.0004949843,210 - 549
115751,1157,51,77,POINT (6.212750968864735 52.93869739366098),0.81371009349823,0.828868567943573,0.7855424880981445,0.8774994611740112,0.7741470336914062,0.8605863451957703,0.88425612449646,210500.00016642886,550500.000495519,210 - 550
115741,1157,41,78,POINT (6.2129211802688 52.94768293453027),0.8635333180427551,0.8724040985107422,0.8632357120513916,0.8612040281295776,0.8279845714569092,0.8740481734275818,0.903260350227356,210500.00016641093,551500.000496054,210 - 551
115752,1157,52,79,POINT (6.227624115600916 52.938593659884596),0.46118155121803284,0.5406143069267273,0.43796807527542114,0.5430232286453247,0.6915703415870667,0.4423076808452606,0.5395588278770447,211500.00016731024,550500.0004955007,211 - 550
115634,1156,34,80,POINT (6.18333267482924 52.9568704709795),0.7012448310852051,0.7040669918060303,0.671424388885498,0.7491175532341003,0.8072354197502136,0.6196244955062866,0.6069437861442566,208500.0001646312,552500.00049662,208 - 552
115635,1156,35,81,POINT (6.198212113057755 52.95677038765055),0.875,0.8771522641181946,0.8468952178955078,0.831632673740387,0.8274025321006775,0.8630416989326477,0.9032315611839294,209500.00016551118,552500.0004966051,209 - 552
115731,1157,31,82,POINT (6.21309147217664 52.956668451682695),0.6337670683860779,0.5436534881591797,0.3998045027256012,0.5863354206085205,0.7584198713302612,0.31505316495895386,0.2453647255897522,210500.00016639207,552500.0004965853,210 - 552
115732,1157,32,83,POINT (6.227970750735567 52.95656466309646),0.5909090638160706,0.6241208910942078,0.55681973695755,0.6156670451164246,0.697730541229248,0.6200377941131592,0.5754928588867188,211500.00016727374,552500.0004965673,211 - 552
161743,1617,43,84,POINT (6.241792646420536 52.90254589694805),0.7569060921669006,0.7514955997467041,0.7612874507904053,0.770347535610199,0.7835273742675781,0.7418181896209717,0.7472923994064331,212500.00016826726,546500.0004933386,212 - 546
163811,1638,11,85,POINT (6.285080738808053 52.83931928203205),0.7996178269386292,0.8569087982177734,0.7964300513267517,0.7882617115974426,0.8149883151054382,0.8831827044487,0.8934524059295654,215500.00017105232,539500.0004894948,215 - 539
162745,1627,45,86,POINT (6.270604686022005 52.85740144254405),0.8794326186180115,0.8554242849349976,0.8206508755683899,0.8606924414634705,0.8153846263885498,0.8596342206001282,0.9194772839546204,214500.00017013002,541500.0004906022,214 - 541
163724,1637,24,87,POINT (6.255223877371095 52.830553338171114),0.449521005153656,0.5962339043617249,0.5271554589271545,0.766105055809021,0.823750913143158,0.7927579283714294,0.842450737953186,213500.00016930272,538500.0004889882,213 - 538
163713,1637,13,88,POINT (6.240562909475964 52.8396461974919),0.600254237651825,0.5985867381095886,0.49550071358680725,0.5469728708267212,0.5613463521003723,0.4556889533996582,0.46323198080062866,212500.0001683992,539500.0004895533,212 - 539
163723,1637,23,89,POINT (6.240387564062669 52.83066043554921),0.8600858449935913,0.854823887348175,0.8207730650901794,0.8454087376594543,0.8103666305541992,0.8446522951126099,0.8835248947143555,212500.0001684172,538500.0004890065,212 - 538
163714,1637,14,90,POINT (6.2554022705441445 52.83953907187645),0.768813967704773,0.830793023109436,0.7285371422767639,0.8797814249992371,0.7320020794868469,0.8106275796890259,0.8350423574447632,213500.00016928278,539500.0004895335,213 - 539
162753,1627,53,91,POINT (6.240738337597252 52.848631937004996),0.6071069240570068,0.7144804000854492,0.6199128031730652,0.7006719708442688,0.7681528925895691,0.5959169268608093,0.576660692691803,212500.0001683796,540500.0004900962,212 - 540
162743,1627,43,92,POINT (6.240913848484141 52.85761765397933),0.48616600036621094,0.5411447882652283,0.49245089292526245,0.5760505795478821,0.6146718263626099,0.5712584257125854,0.46641167998313904,212500.00016836214,541500.000490637,212 - 541
162754,1627,54,93,POINT (6.255580747862354 52.84852478314061),0.46037620306015015,0.6047796607017517,0.4827890694141388,0.7931034564971924,0.4544534385204315,0.4547492265701294,0.32416248321533203,213500.0001692658,540500.0004900775,213 - 540
162744,1627,44,94,POINT (6.255759309384214 52.85751047185439),0.8565853834152222,0.805961012840271,0.7790252566337585,0.8298685550689697,0.7373737096786499,0.8409189581871033,0.8977239727973938,213500.00016924448,541500.0004906199,213 - 541
163715,1637,15,95,POINT (6.270241547467207 52.83943010004923),0.802955687046051,0.8324439525604248,0.8092964887619019,0.8181818127632141,0.8085277676582336,0.8160973191261292,0.8465484380722046,214500.00017016812,539500.0004895136,214 - 539
163725,1637,25,96,POINT (6.270060106592889 52.83044439506773),0.5697841644287109,0.5868011116981506,0.552310585975647,0.618262529373169,0.6420079469680786,0.543448269367218,0.4539491534233093,214500.00017018715,538500.00048897,214 - 538
163821,1638,21,97,POINT (6.284896250291994 52.83033360626089),0.5259156823158264,0.3771916329860687,0.42296072840690613,0.4516128897666931,0.6638078689575195,0.34122562408447266,0.8737668395042419,215500.0001710723,538500.0004889512,215 - 538
162755,1627,55,98,POINT (6.270423073923712 52.848415782577746),0.8426966071128845,0.8129151463508606,0.8114050626754761,0.8199999928474426,0.8454310297966003,0.8706467747688293,0.9017435908317566,214500.0001701483,540500.0004900582,214 - 540
162851,1628,51,99,POINT (6.285265314343337 52.84830493533819),0.8054726123809814,0.856363832950592,0.7542768120765686,0.831569254398346,0.8088162541389465,0.7933988571166992,0.8504326343536377,215500.00017103305,540500.0004900382,215 - 540
162841,1628,41,100,POINT (6.285449976958379 52.85729056607011),0.5553880929946899,0.5664539933204651,0.5703391432762146,0.6110920906066895,0.8069674372673035,0.7849124670028687,0.8489744663238525,215500.00017101289,541500.0004905825,215 - 541
161754,1617,54,101,POINT (6.256474398681866 52.893452999021804),0.5074555277824402,0.6295295357704163,0.49443289637565613,0.6283018589019775,0.697926938533783,0.45036765933036804,0.4322352409362793,213500.0001691693,545500.0004927829,213 - 545
162723,1627,23,102,POINT (6.241265118785114 52.875589019874965),0.7245538830757141,0.7972416877746582,0.7173964381217957,0.6373794078826904,0.5930758714675903,0.7173717617988586,0.738727331161499,212500.00016832384,543500.0004917228,212 - 543
162733,1627,33,103,POINT (6.241089442194198 52.86660334830572),0.814236581325531,0.8221062421798706,0.7833217978477478,0.7979225516319275,0.837442934513092,0.8495450019836426,0.8785424828529358,212500.0001683427,542500.0004911813,212 - 542
162734,1627,34,104,POINT (6.255937955168415 52.866496137908584),0.8807339668273926,0.8146117329597473,0.7926949858665466,0.859665036201477,0.8411264419555664,0.8454059362411499,0.8782755732536316,213500.00016922617,542500.0004911624,213 - 542
162724,1627,24,105,POINT (6.2561166852736 52.87548178119402),0.7011669278144836,0.7045336365699768,0.704774022102356,0.8289928436279297,0.7471027374267578,0.585078239440918,0.8523422479629517,213500.00016920746,543500.0004917035,213 - 543
162713,1627,13,106,POINT (6.241440878314625 52.88457466857789),0.4193548262119293,0.6100178956985474,0.42048847675323486,0.6895161271095276,0.7639877796173096,0.32211539149284363,0.32686084508895874,212500.0001683052,544500.0004922615,212 - 544
161753,1617,53,107,POINT (6.241616720840485 52.893560294305296),0.4241338074207306,0.607130229473114,0.5604602694511414,0.5646731853485107,0.6538170576095581,0.42193174362182617,0.3882039189338684,212500.0001682862,545500.0004928001,212 - 545
162714,1627,14,108,POINT (6.256295499758488 52.88446740160149),0.8101564049720764,0.7506252527236938,0.7503455877304077,0.8146852850914001,0.7484092116355896,0.7171019911766052,0.7917463183403015,213500.00016918837,544500.0004922432,213 - 544
161744,1617,44,109,POINT (6.256653382102567 52.902438573345776),0.6948962211608887,0.5719353556632996,0.5449314117431641,0.6778824329376221,0.7223340272903442,0.6954456567764282,0.6282528042793274,213500.00016914957,546500.0004933205,213 - 546
162811,1628,11,110,POINT (6.286004487888656 52.88424732172846),0.3761833608150482,0.5833584666252136,0.3684788644313812,0.44980588555336,0.6081485748291016,0.2952725291252136,0.2541617751121521,215500.00017095395,544500.0004922041,215 - 544
162735,1627,35,111,POINT (6.270786383821648 52.86638707983896),0.760120689868927,0.746208906173706,0.686821699142456,0.7825139164924622,0.807585597038269,0.697882354259491,0.7122915983200073,214500.00017011006,542500.0004911433,214 - 542
162725,1627,25,112,POINT (6.270968167382364 52.875372694353246),0.7953944802284241,0.8068249821662903,0.7624694108963013,0.7870563864707947,0.8083018660545349,0.7534142732620239,0.7558991312980652,214500.0001700906,543500.0004916844,214 - 543
162715,1627,15,113,POINT (6.271150036763849 52.884358285977726),0.5094549655914307,0.7000156044960022,0.563778817653656,0.5812517404556274,0.7684210538864136,0.4877980351448059,0.45591482520103455,214500.00017007068,544500.0004922238,214 - 544
162831,1628,31,114,POINT (6.285634726713837 52.86627617411862),0.7463110089302063,0.5166453123092651,0.3961898684501648,0.6140100359916687,0.7061641812324524,0.6507276296615601,0.5549904704093933,215500.00017099327,542500.0004911245,215 - 542
162821,1628,21,115,POINT (6.285819563670342 52.875261759374474),0.697791576385498,0.7423033118247986,0.740954577922821,0.730708658695221,0.758748471736908,0.7494524717330933,0.7374423742294312,215500.00017097386,543500.0004916656,215 - 543
161745,1617,45,116,POINT (6.271514033228379 52.90232940012052),0.6703296899795532,0.7142857313156128,0.6512976884841919,0.5763239860534668,0.6613965630531311,0.5980148911476135,0.5467883944511414,214500.00017003267,546500.0004933021,214 - 546
161755,1617,55,117,POINT (6.271331992025915 52.89334385460322),0.3342595100402832,0.5509027242660522,0.4214065670967102,0.4791841208934784,0.6202675700187683,0.39007893204689026,0.3865656554698944,214500.00017005147,545500.000492763,214 - 545
161851,1618,51,118,POINT (6.286189499429555 52.89323286107142),0.6392180323600769,0.7668711543083191,0.555087149143219,0.604004442691803,0.7565167546272278,0.5437904596328735,0.5270535349845886,215500.00017093468,545500.0004927431,215 - 545
161841,1618,41,119,POINT (6.286374598353875 52.90221837729413),0.7695282101631165,0.7780548334121704,0.7447422742843628,0.7859753966331482,0.8116050958633423,0.7100529074668884,0.7760395407676697,215500.00017091373,546500.0004932832,215 - 546
162835,1628,35,120,POINT (6.345027211872533 52.865814075179735),0.75429767370224,0.8018604516983032,0.7477744817733765,0.7836257219314575,0.8018181920051575,0.7099999785423279,0.6981595158576965,219500.00017452615,542500.0004910436,219 - 542
162853,1628,53,121,POINT (6.3149495325052625 52.84807770091805),0.7119341492652893,0.694557249546051,0.6590348482131958,0.7783359289169312,0.8220095634460449,0.7236214876174927,0.7636332511901855,217500.00017280082,540500.0004899992,217 - 540
162852,1628,52,122,POINT (6.300107467683165 52.84819224144412),0.7872340679168701,0.8178412318229675,0.6713701486587524,0.7641124129295349,0.7501232028007507,0.7587181925773621,0.8343861103057861,216500.0001719166,540500.0004900192,216 - 540
163812,1638,12,123,POINT (6.299919843129689 52.83920661784702),0.5827041864395142,0.6277592182159424,0.49159595370292664,0.560196578502655,0.6653944253921509,0.4889109432697296,0.5600589513778687,216500.00017193673,539500.0004894768,216 - 539
163822,1638,22,124,POINT (6.299732307032379 52.83022097177273),0.8106712698936462,0.7690637111663818,0.7135072946548462,0.7481878995895386,0.7092896103858948,0.7831094264984131,0.8618701696395874,216500.00017195722,538500.0004889317,216 - 538
163823,1638,23,125,POINT (6.314568275378093 52.83010649162571),0.31865444779396057,0.39064714312553406,0.302449107170105,0.4247572720050812,0.41633281111717224,0.36148062348365784,0.38807618618011475,217500.00017284034,538500.0004889107,217 - 538
163813,1638,13,126,POINT (6.314758858995149 52.83909210751669),0.8828399777412415,0.8753307461738586,0.8347127437591553,0.8698763847351074,0.8452853560447693,0.6500530242919922,0.7347069978713989,217500.0001728215,539500.0004894556,217 - 539
162832,1628,32,127,POINT (6.300482982404935 52.86616342076975),0.808326780796051,0.825558602809906,0.7618753910064697,0.8176907300949097,0.8531986474990845,0.7544757127761841,0.7510713338851929,216500.00017187645,542500.0004911029,216 - 542
162842,1628,42,128,POINT (6.300295180754375 52.85717784245477),0.8379310369491577,0.8112279176712036,0.6589545607566833,0.8026484251022339,0.8020133972167969,0.7670997977256775,0.8358574509620667,216500.0001718969,541500.0004905631,216 - 541
162843,1628,43,129,POINT (6.315140295971015 52.85706327172056),0.41606342792510986,0.4659208655357361,0.5192743539810181,0.5192307829856873,0.5430312156677246,0.4869358539581299,0.5295186042785645,217500.0001727803,541500.0004905429,217 - 541
162833,1628,33,130,POINT (6.315331149455016 52.866048819814985),0.7513061761856079,0.8005355000495911,0.7538409233093262,0.7890191078186035,0.810117781162262,0.6937909722328186,0.7062275409698486,217500.0001727605,542500.0004910827,217 - 542
163815,1638,15,131,POINT (6.344436619609999 52.838857548512046),0.8473599553108215,0.8396269083023071,0.811815083026886,0.8613518476486206,0.7419523596763611,0.8383699655532837,0.8898042440414429,219500.00017458852,539500.0004894168,219 - 539
163824,1638,24,132,POINT (6.329404153893243 52.829990165842744),0.869767427444458,0.8499338626861572,0.8545978665351868,0.5469375252723694,0.7630448341369629,0.6610686779022217,0.46759459376335144,218500.00017372577,538500.0004888905,218 - 538
163814,1638,14,133,POINT (6.329597784967534 52.83897575106395),0.8714372515678406,0.8209021687507629,0.7831352353096008,0.8007117509841919,0.8094144463539124,0.45660102367401123,0.33720481395721436,218500.00017370554,539500.0004894353,218 - 539
163825,1638,25,134,POINT (6.344239941141973 52.82987199444707),0.37370753288269043,0.46731847524642944,0.6365392804145813,0.8772695660591125,0.8369800448417664,0.8887948989868164,0.9105224013328552,219500.0001746101,538500.000488872,219 - 538
162854,1628,54,135,POINT (6.32979150737173 52.847961313782925),0.7719422578811646,0.7967487573623657,0.7324920892715454,0.779812216758728,0.786507248878479,0.7747306823730469,0.8767018914222717,218500.0001736839,540500.00048998,218 - 540
162844,1628,44,136,POINT (6.329985321169399 52.85694685389042),0.7873170971870422,0.7739747166633606,0.7453203201293945,0.8262767195701599,0.80326247215271,0.7614123821258545,0.8156737089157104,218500.00017366395,541500.0004905222,218 - 541
162834,1628,34,137,POINT (6.330179226424165 52.865932371277225),0.7907465696334839,0.818027913570404,0.7104353904724121,0.6650518774986267,0.7417078614234924,0.4751203954219818,0.5438206195831299,218500.00017364346,542500.000491064,218 - 542
162855,1628,55,138,POINT (6.344633390844719 52.84784308006198),0.7459762096405029,0.806640088558197,0.7277693748474121,0.8635293841362,0.8615500330924988,0.6878402829170227,0.743988037109375,219500.00017456853,540500.0004899602,219 - 540
162845,1628,45,139,POINT (6.344830254910693 52.85682858898762),0.5611487627029419,0.6864992380142212,0.6295279264450073,0.750205397605896,0.7992041707038879,0.8094667196273804,0.8719694018363953,219500.00017454696,541500.0004905014,219 - 541
161843,1618,43,140,POINT (6.316095464827911 52.90199078292736),0.7781292200088501,0.7821444869041443,0.7662200927734375,0.8024139404296875,0.7668038606643677,0.6630359292030334,0.6351462602615356,217500.00017267797,546500.0004932426,217 - 546
162812,1628,12,141,POINT (6.300858851690867 52.88413450887593),0.7369686961174011,0.7727829813957214,0.7622461318969727,0.7554240822792053,0.7746806144714355,0.7200000286102295,0.7288282513618469,216500.00017183681,544500.0004921855,216 - 544
162822,1628,22,142,POINT (6.300670872696529 52.87514897627989),0.7706219553947449,0.7887205481529236,0.7669354677200317,0.7486826181411743,0.7934309244155884,0.7393767833709717,0.7555376291275024,216500.00017185736,543500.0004916444,216 - 543
162823,1628,23,143,POINT (6.315522093019933 52.87503434509212),0.7598828673362732,0.7466216087341309,0.7626384496688843,0.767218828201294,0.7630415558815002,0.7388781309127808,0.7625812888145447,217500.0001727391,543500.0004916239,217 - 543
162813,1628,13,144,POINT (6.315713126728522 52.8840198474427),0.7171117663383484,0.7743351459503174,0.7557702660560608,0.725197970867157,0.7650485634803772,0.6957862377166748,0.7243297696113586,217500.0001727191,544500.0004921649,217 - 544
161852,1618,52,145,POINT (6.301046919449746 52.893120018448656),0.6461394429206848,0.6386682987213135,0.6379135847091675,0.6636443138122559,0.7149729132652283,0.2846585810184479,0.302219033241272,216500.00017181554,545500.0004927237,216 - 545
161842,1618,42,146,POINT (6.301235076035054 52.902105504888866),0.5954508781433105,0.5181818008422852,0.38616520166397095,0.7340177297592163,0.6705141663551331,0.5886157751083374,0.5582746863365173,216500.0001717969,546500.0004932621,216 - 546
161853,1618,53,147,POINT (6.315904250643572 52.89300532675751),0.7185958623886108,0.7303223609924316,0.6609728932380676,0.736330509185791,0.7104736566543579,0.6236206293106079,0.6591611504554749,217500.00017269992,545500.0004927036,217 - 545
162815,1628,15,148,POINT (6.345421404742612 52.88378497892637),0.7585081458091736,0.8158730268478394,0.7633525133132935,0.7985948324203491,0.8025621771812439,0.7142857313156128,0.7023959755897522,219500.00017448398,544500.0004921234,219 - 544
162814,1628,14,149,POINT (6.330567311559725 52.88390333745171),0.5640257000923157,0.6105663180351257,0.5412392020225525,0.5337243676185608,0.6268656849861145,0.5688675045967102,0.48283666372299194,218500.00017360187,544500.0004921426,218 - 544
162824,1628,24,150,POINT (6.3303732231996825 52.87491786583406),0.7486605048179626,0.7721385359764099,0.765044629573822,0.749649703502655,0.7266054749488831,0.6922252178192139,0.7154449820518494,218500.00017362222,543500.0004916046,218 - 543
162825,1628,25,151,POINT (6.345224261794936 52.87479953852906),0.6864407062530518,0.7284958958625793,0.7145417928695679,0.6671023964881897,0.7026515007019043,0.649009644985199,0.6482617855072021,219500.00017450555,543500.0004915849,219 - 543
161854,1618,54,152,POINT (6.330761491568054 52.89288878602098),0.7905352711677551,0.7921432256698608,0.7492750287055969,0.6781818270683289,0.7804208397865295,0.4874941110610962,0.4910653829574585,218500.00017358043,545500.0004926834,218 - 545
161844,1618,44,153,POINT (6.330955763288548 52.9018742114326),0.8523489832878113,0.8445839881896973,0.8598533868789673,0.8686025142669678,0.8462913036346436,0.8559690713882446,0.8546234369277954,218500.0001735606,546500.0004932241,218 - 546
161855,1618,55,154,POINT (6.34561864078039 52.892770396262414),0.6674897074699402,0.7501815557479858,0.5760984420776367,0.8045640587806702,0.8205631971359253,0.5611537098884583,0.5657400488853455,219500.00017446297,545500.0004926625,219 - 545
161845,1618,45,155,POINT (6.345815969973116 52.90175579042795),0.5473136901855469,0.6876987218856812,0.6084046363830566,0.6729281544685364,0.7237213253974915,0.6543437838554382,0.6257115602493286,219500.0001744416,546500.0004932017,219 - 546
115753,1157,53,156,POINT (6.2424971804411715 52.93848807448879),0.8719291090965271,0.6540863513946533,0.4975397288799286,0.4076050817966461,0.8549746870994568,0.8509263396263123,0.8248961567878723,212500.00016819182,550500.0004954843,212 - 550
161734,1617,34,157,POINT (6.256832450079485 52.91142412446423),0.5918083786964417,0.6425269842147827,0.4973333477973938,0.6129441857337952,0.7292377948760986,0.5348208546638489,0.552192211151123,213500.000169131,547500.0004938574,213 - 547
161723,1617,23,158,POINT (6.242144746974813 52.9205170325428),0.8885984420776367,0.8673192858695984,0.8217935562133789,0.8354092240333557,0.7352811098098755,0.7561904788017273,0.2846204340457916,212500.0001682296,548500.0004944125,212 - 548
161733,1617,33,159,POINT (6.241968655112671 52.91153147639693),0.7653721570968628,0.7796099185943604,0.7680988907814026,0.7897026538848877,0.8104265332221985,0.7318435907363892,0.7283066511154175,212500.00016824875,547500.0004938756,212 - 547
161724,1617,24,160,POINT (6.257011602671561 52.920409652267985),0.7167755961418152,0.7218124270439148,0.7151044011116028,0.7257227301597595,0.7807407379150391,0.7300111651420593,0.7202572226524353,213500.00016911112,548500.0004943945,213 - 548
161713,1617,13,161,POINT (6.242320922064963 52.92950256527648),0.8696296215057373,0.8517714142799377,0.7711894512176514,0.8392587900161743,0.8390992879867554,0.6514568328857422,0.3049708902835846,212500.00016821074,549500.0004949498,212 - 549
161714,1617,14,162,POINT (6.257190839937805 52.92939515664788),0.8089340925216675,0.772382378578186,0.7035123705863953,0.8231173157691956,0.8399024605751038,0.6674424409866333,0.26834309101104736,213500.00016909197,549500.0004949309,213 - 549
115754,1157,54,163,POINT (6.257370161937253 52.93838063749469),0.7514468431472778,0.7798301577568054,0.5979931950569153,0.8099652528762817,0.8306264281272888,0.6983709931373596,0.6049658060073853,213500.00016907224,550500.0004954655,213 - 550
161725,1617,25,164,POINT (6.271878373694152 52.92030042139373),0.7240891456604004,0.734987199306488,0.6600390076637268,0.773374617099762,0.8307405114173889,0.5850452184677124,0.6344841122627258,214500.00016999288,548500.0004943747,214 - 548
161735,1617,35,165,POINT (6.271696160431135 52.91131492242042),0.7673904895782471,0.8134657740592957,0.7140154838562012,0.759020209312439,0.8218978047370911,0.671966552734375,0.6962411999702454,214500.00017001206,547500.0004938395,214 - 547
161831,1618,31,166,POINT (6.286559784722535 52.91120387028735),0.6292781829833984,0.6706547141075134,0.5944414138793945,0.6834448575973511,0.6772190928459167,0.4500463902950287,0.48366013169288635,215500.0001708943,547500.000493819,215 - 547
161821,1618,21,167,POINT (6.286745058596485 52.920189339941935),0.7809021472930908,0.7930294871330261,0.762680172920227,0.8019999861717224,0.8370370268821716,0.7159454226493835,0.7186450958251953,215500.00017087517,548500.0004943544,215 - 548
161715,1617,15,168,POINT (6.272060673077428 52.9292858969313),0.6674343347549438,0.719981849193573,0.5575926899909973,0.634189784526825,0.7210810780525208,0.5978465676307678,0.6117556095123291,214500.00016997367,549500.0004949105,214 - 549
115755,1157,55,169,POINT (6.272243058641022 52.93827134892391),0.4588625133037567,0.5079153776168823,0.48694518208503723,0.38150644302368164,0.5223692655563354,0.5030303001403809,0.41323262453079224,214500.00016995377,550500.0004954449,214 - 550
161811,1618,11,170,POINT (6.286930420036717 52.929174786148685),0.5824542045593262,0.6385176777839661,0.48937898874282837,0.44608646631240845,0.6285533905029297,0.5271173119544983,0.4770394265651703,215500.00017085412,549500.000494892,215 - 549
115851,1158,51,171,POINT (6.2871158691043405 52.9381602087984),0.6424469351768494,0.6466739177703857,0.48074403405189514,0.6144756078720093,0.65174400806427,0.5629351735115051,0.5396451354026794,215500.0001708347,550500.0004954265,215 - 550
115734,1157,34,172,POINT (6.257729060372314 52.956351528152496),0.5467512011528015,0.637442946434021,0.5361039042472839,0.5383186340332031,0.7758241891860962,0.4659498333930969,0.5652951598167419,213500.0001690341,552500.0004965299,213 - 552
115743,1157,43,173,POINT (6.242673522161526 52.94747356007055),0.6120383143424988,0.6542486548423767,0.5855563879013062,0.6537027359008789,0.6546762585639954,0.6524701714515686,0.7453054785728455,212500.00016817238,551500.0004960173,212 - 551
115733,1157,33,174,POINT (6.242849947284188 52.95645902191264),0.7219703793525696,0.5861968398094177,0.33453959226608276,0.5793240666389465,0.6968894600868225,0.32334208488464355,0.27385321259498596,212500.00016815335,552500.0004965501,212 - 552
115744,1157,44,175,POINT (6.2575495687290354 52.94736609469929),0.7333979606628418,0.7537670135498047,0.6721776127815247,0.7238919734954834,0.6835699677467346,0.5406413078308105,0.6676815152168274,213500.0001690536,551500.0004959978,213 - 551
115735,1157,35,176,POINT (6.272608088549704 52.95624218183761),0.4896443784236908,0.7649891376495361,0.7744840979576111,0.8498090505599976,0.8716620206832886,0.8507776260375977,0.9064001441001892,214500.0001699142,552500.0004965095,214 - 552
115745,1157,45,177,POINT (6.272425530445058 52.9472567772624),0.4564831256866455,0.47652101516723633,0.338348388671875,0.7124267816543579,0.6719639897346497,0.347529798746109,0.28190433979034424,214500.00016993418,551500.000495977,214 - 551
115841,1158,41,178,POINT (6.287301405860463 52.947145607781884),0.7958361506462097,0.8089277148246765,0.7494089603424072,0.8371554017066956,0.8533660173416138,0.6849966049194336,0.7200319170951843,215500.00017081498,551500.0004959599,215 - 551
115831,1158,31,179,POINT (6.287487030366257 52.95613098298995),0.5529037117958069,0.6097965836524963,0.5563636422157288,0.6454989314079285,0.7177541851997375,0.568274736404419,0.5266942977905273,215500.00017079443,552500.0004964925,215 - 552
115855,1158,55,180,POINT (6.34660621959285 52.937697133200494),0.6395424008369446,0.7192134261131287,0.6228519678115845,0.6254295706748962,0.6534653306007385,0.6115596890449524,0.5984760522842407,219500.00017435744,550500.0004953434,219 - 550
161813,1618,13,181,POINT (6.3166696496261965 52.928947011474875),0.6783625483512878,0.7279390096664429,0.6684690713882446,0.7078651785850525,0.767034649848938,0.6011560559272766,0.5329036712646484,217500.000172617,549500.0004948489,217 - 549
161823,1618,23,182,POINT (6.316478164256227 52.91996162539526),0.7362716794013977,0.7597374320030212,0.7257727384567261,0.7654406428337097,0.7850545644760132,0.6912218928337097,0.6968826651573181,217500.00017263714,548500.0004943159,217 - 548
161832,1618,32,183,POINT (6.301423321508647 52.91109096808735),0.4520244002342224,0.5502108335494995,0.5127737522125244,0.46926355361938477,0.6650246381759644,0.3686109483242035,0.31509217619895935,216500.00017177686,547500.0004937991,216 - 547
161822,1618,22,184,POINT (6.301611655932492 52.92007640793491),0.617120623588562,0.687195897102356,0.5853042006492615,0.628209114074707,0.72265625,0.6021841168403625,0.5819112658500671,216500.00017175518,548500.0004943368,216 - 548
161833,1618,33,185,POINT (6.316286769344471 52.910976215843014),0.6180091500282288,0.6889880895614624,0.688613772392273,0.663472592830658,0.7177541851997375,0.6832937598228455,0.6377095580101013,217500.00017265728,547500.0004937802,217 - 547
115852,1158,52,186,POINT (6.301988591879158 52.93804721714043),0.5269765853881836,0.5856520533561707,0.49609771370887756,0.5480557680130005,0.6018854379653931,0.5398295521736145,0.5346168279647827,216500.00017171592,550500.0004954062,216 - 550
161812,1618,12,187,POINT (6.301800079368645 52.92906182432233),0.3791298568248749,0.4701637029647827,0.4174336791038513,0.4181146025657654,0.4465318024158478,0.4131159782409668,0.4459378123283386,216500.00017173536,549500.0004948726,216 - 549
115853,1158,53,188,POINT (6.3168612255174645 52.93793237397268),0.7658142447471619,0.7827420234680176,0.7627705335617065,0.7877652645111084,0.7884012460708618,0.7455138564109802,0.748875081539154,217500.00017259637,550500.0004953844,217 - 550
161824,1618,24,189,POINT (6.331344582121738 52.919844992346015),0.6416111588478088,0.763420045375824,0.5935236215591431,0.782531201839447,0.8190708756446838,0.7256614565849304,0.6511563062667847,218500.00017351846,548500.0004942946,218 - 548
161834,1618,34,190,POINT (6.331150126785129 52.91085961357736),0.7370030283927917,0.7125632762908936,0.782718300819397,0.7149937748908997,0.6973180174827576,0.6120205521583557,0.7174538969993591,218500.0001735396,547500.0004937605,218 - 547
161835,1618,35,191,POINT (6.346013392385715 52.91074116131377),0.7911073565483093,0.8014950156211853,0.7946210503578186,0.7959826588630676,0.8055555820465088,0.7683854699134827,0.7774930596351624,219500.00017442086,547500.0004937385,219 - 547
161825,1618,25,192,POINT (6.346210908083168 52.91972650881062),0.7505809664726257,0.7852048277854919,0.6328665614128113,0.8218465447425842,0.8668210506439209,0.6826446056365967,0.6383056044578552,219500.0001744002,548500.0004942752,219 - 548
161814,1618,14,193,POINT (6.331539129362445 52.92883034762938),0.7808554172515869,0.7924013733863831,0.7462282180786133,0.7676107287406921,0.7978765368461609,0.7329426407814026,0.7530093789100647,218500.00017349795,549500.000494829,218 - 549
115854,1158,54,194,POINT (6.331733768571312 52.93781567931822),0.7774389982223511,0.7474161982536316,0.7550695538520813,0.7736411094665527,0.8261464834213257,0.6944312453269958,0.7831704020500183,218500.00017347574,550500.0004953643,218 - 550
161815,1618,15,195,POINT (6.346408517130496 52.928711832809256),0.49257853627204895,0.5451607704162598,0.48176831007003784,0.5079575777053833,0.6521397829055786,0.4922049045562744,0.4287276566028595,219500.00017437784,549500.0004948106,219 - 549
115833,1158,33,196,POINT (6.317244649116546 52.95590302778597),0.6929729580879211,0.6553578972816467,0.5852749347686768,0.6916570663452148,0.6897689700126648,0.6254180669784546,0.5989879965782166,217500.0001725549,552500.0004964495,217 - 552
115832,1158,32,197,POINT (6.302365884371878 52.956017931631834),0.5004585981369019,0.53602534532547,0.49631527066230774,0.570785403251648,0.5590550899505615,0.6701292395591736,0.470397412776947,216500.00017167474,552500.0004964728,216 - 552
115842,1158,42,198,POINT (6.302177193526163 52.94703258627999),0.7947269082069397,0.7858649492263794,0.7879770398139954,0.7854641079902649,0.823734700679779,0.7759919762611389,0.79511958360672,216500.0001716947,551500.0004959406,216 - 551
115843,1158,43,199,POINT (6.3170528919931765 52.94691771277944),0.7116666436195374,0.7649426460266113,0.7229251265525818,0.7414860725402832,0.7777777910232544,0.7205944657325745,0.7209100723266602,217500.00017257524,551500.000495919,217 - 551
115835,1158,35,200,POINT (6.347001905023205 52.95566766272379),0.5299605131149292,0.49188539385795593,0.45117270946502686,0.5139039158821106,0.45692119002342224,0.504800021648407,0.5035118460655212,219500.0001743138,552500.0004964096,219 - 552
115844,1158,44,201,POINT (6.331928499812532 52.94680098730333),0.8019267916679382,0.832383394241333,0.7951096296310425,0.8262874484062195,0.8409513235092163,0.7450271248817444,0.736765444278717,218500.000173456,551500.0004958975,218 - 551
115834,1158,34,202,POINT (6.3321233231503 52.95578627147548),0.8338870406150818,0.8646804690361023,0.784279465675354,0.8820080757141113,0.7792313694953918,0.8474910855293274,0.8449971079826355,218500.00017343514,552500.0004964296,218 - 552
115845,1158,45,203,POINT (6.346804015535336 52.94668240987507),0.8145130276679993,0.8427467942237854,0.8048780560493469,0.8245614171028137,0.8485537767410278,0.7551172375679016,0.7433358430862427,219500.00017433605,551500.0004958764,219 - 551
173133,1731,33,204,POINT (6.388541017683084 52.82052092669855),0.8435418009757996,0.8545063734054565,0.6851784586906433,0.8457435965538025,0.8589683175086975,0.8130159974098206,0.8690544962882996,222500.00017728412,537500.0004882652,222 - 537
173113,1731,13,205,POINT (6.388952561190402 52.83849186449946),0.8141055703163147,0.8419452905654907,0.7787315249443054,0.8679853677749634,0.7491779923439026,0.8715083599090576,0.888899564743042,222500.00017724012,539500.0004893543,222 - 539
173131,1731,31,206,POINT (6.358876004029162 52.82076643262119),0.8804898858070374,0.8306189179420471,0.7808734178543091,0.792557418346405,0.8131747245788574,0.7692151069641113,0.5031275749206543,220500.00017551545,537500.0004883063,220 - 537
173141,1731,41,207,POINT (6.358676466442281 52.811780865470574),0.8013837933540344,0.8149253726005554,0.7725679278373718,0.7736459374427795,0.7910575866699219,0.7648601531982422,0.7666298151016235,220500.00017553507,536500.000487761,220 - 536
173121,1731,21,208,POINT (6.359075635688516 52.82975197746228),0.8339443802833557,0.8639336228370667,0.7243130803108215,0.8281565308570862,0.833678126335144,0.8296515345573425,0.8647284507751465,220500.00017549453,538500.0004888515,220 - 538
173111,1731,11,209,POINT (6.35927536148577 52.83873749988461),0.903599739074707,0.8795441389083862,0.775316059589386,0.7185273170471191,0.6335019469261169,0.4196428656578064,0.8498351573944092,220500.00017547302,539500.0004893962,220 - 539
173143,1731,43,210,POINT (6.388335391375765 52.81153542423932),0.7702643871307373,0.7905579209327698,0.7800324559211731,0.8007662892341614,0.7882158756256104,0.7601410746574402,0.7699530720710754,222500.00017730545,536500.0004877192,222 - 536
173142,1731,42,211,POINT (6.373505976629429 52.811659067139225),0.7516973614692688,0.7777777910232544,0.7257384061813354,0.7577388882637024,0.756290078163147,0.7164835333824158,0.7510475516319275,221500.00017642227,536500.0004877402,221 - 536
173122,1731,22,212,POINT (6.373911236097118 52.82963011491237),0.7730636596679688,0.8028038740158081,0.8130971789360046,0.8226731419563293,0.8458564877510071,0.8324754238128662,0.8734867572784424,221500.000176378,538500.0004888292,221 - 538
173132,1731,32,213,POINT (6.373708558609701 52.820644602187144),0.8182728290557861,0.8238908052444458,0.7699944972991943,0.7599999904632568,0.8441330790519714,0.79612135887146,0.85854572057724,221500.00017639983,537500.0004882842,221 - 537
173112,1731,12,214,POINT (6.3741140091581325 52.83861560520562),0.7505882382392883,0.7617414593696594,0.6815203428268433,0.7465232014656067,0.754047155380249,0.7062937021255493,0.7275238037109375,221500.00017635687,539500.0004893751,221 - 539
173123,1731,23,215,POINT (6.388746740932155 52.82950640682169),0.6713309288024902,0.5496277809143066,0.6388486623764038,0.4081448018550873,0.8598647713661194,0.2800000011920929,0.5192832350730896,222500.00017726235,538500.0004888095,222 - 538
172132,1721,32,216,POINT (6.374722902447896 52.865571940400734),0.5749568939208984,0.5960903167724609,0.8263961672782898,0.7453296184539795,0.5365044474601746,0.44742631912231445,0.737195611000061,221500.00017629162,542500.0004909997,221 - 542
172142,1721,42,217,POINT (6.3745198422669365 52.856586518059046),0.4881548285484314,0.5017921328544617,0.4143390953540802,0.4418960213661194,0.5899280309677124,0.4010349214076996,0.35735735297203064,221500.0001763142,541500.000490458,221 - 541
172151,1721,51,218,POINT (6.359475181486455 52.84772299977885),0.7435377836227417,0.7610276341438293,0.7697456479072571,0.8152480721473694,0.8443862199783325,0.8204866051673889,0.8402432799339294,220500.00017545145,540500.000489939,220 - 540
172141,1721,41,219,POINT (6.359675095756107 52.856708477035816),0.45831939578056335,0.6945147514343262,0.6858891844749451,0.5715312957763672,0.7300899624824524,0.7076923251152039,0.7358886003494263,220500.0001754303,541500.0004904794,220 - 541
172152,1721,52,220,POINT (6.37431687785921 52.84760107295758),0.8234033584594727,0.7973086833953857,0.8220014572143555,0.7758068442344666,0.8180997371673584,0.8116475343704224,0.6087011694908142,221500.00017633487,540500.0004899176,221 - 540
172131,1721,31,221,POINT (6.359875104360358 52.865693931546225),0.768521249294281,0.7746774554252625,0.7143723368644714,0.7906504273414612,0.7823620438575745,0.6989436745643616,0.7037037014961243,220500.00017540937,542500.0004910205,220 - 542
172121,1721,21,222,POINT (6.3600752073648765 52.87467936320081),0.7844575047492981,0.7776939272880554,0.7875288724899292,0.8003361225128174,0.788690447807312,0.7189810872077942,0.7739753127098083,220500.00017538777,543500.0004915635,220 - 543
172122,1721,22,223,POINT (6.374926058468806 52.87455733987334),0.6539994478225708,0.5979819297790527,0.5342889428138733,0.815109372138977,0.6747663617134094,0.7763219475746155,0.7817535400390625,221500.00017627023,543500.0004915415,221 - 543
172143,1721,43,224,POINT (6.389364493004491 52.856462712081715),0.900408148765564,0.8439135551452637,0.8318106532096863,0.8106927275657654,0.8111872673034668,0.7816746830940247,0.35028138756752014,222500.0001771967,541500.0004904374,222 - 541
172153,1721,53,225,POINT (6.389158478525334 52.847477299622554),0.8855375051498413,0.8553727269172668,0.8009926676750183,0.8826219439506531,0.8091734051704407,0.8241546154022217,0.8774153590202332,222500.00017721855,540500.0004898957,222 - 540
172123,1721,23,226,POINT (6.389776813666053 52.87443346857113),0.696017324924469,0.6745098233222961,0.5631193518638611,0.6512534618377686,0.7392271161079407,0.6448758244514465,0.6289871335029602,222500.000177153,543500.0004915205,222 - 543
172133,1721,33,227,POINT (6.389570604695507 52.865448101767676),0.7288842797279358,0.7665624022483826,0.7026824355125427,0.7591711282730103,0.8088077306747437,0.7379104495048523,0.7683221697807312,222500.00017717475,542500.0004909795,222 - 542
173144,1731,44,228,POINT (6.4031647092477275 52.811409936795506),0.7861561179161072,0.785156786441803,0.7469087243080139,0.7290076613426208,0.7869898080825806,0.6410256624221802,0.5602225661277771,223500.00017819012,536500.0004876981,223 - 536
173134,1731,34,229,POINT (6.403373379814718 52.82039540618007),0.7902097702026367,0.8511730432510376,0.6716110706329346,0.8268716335296631,0.8252126574516296,0.6853828430175781,0.7302008271217346,223500.00017816835,537500.0004882428,223 - 537
173124,1731,24,230,POINT (6.403582148757997 52.82938085321496),0.7128275036811829,0.8011372685432434,0.6019575595855713,0.7791838049888611,0.7648995518684387,0.5885639190673828,0.5286094546318054,223500.0001781458,538500.0004887873,223 - 538
173114,1731,14,231,POINT (6.403791016146006 52.83836627779087),0.8685612678527832,0.8598003387451172,0.8194881081581116,0.8288894295692444,0.8098788261413574,0.8570119142532349,0.8863756060600281,223500.00017812458,539500.0004893322,223 - 539
172154,1721,54,232,POINT (6.403999982047214 52.8473516797985),0.7858672142028809,0.7611059546470642,0.7823585867881775,0.8155467510223389,0.8431251645088196,0.7567737698554993,0.7933491468429565,223500.00017810197,540500.0004898756,223 - 540
172134,1721,34,233,POINT (6.4044182096635724 52.86532241567181),0.8152147531509399,0.8022580742835999,0.7914325594902039,0.39557400345802307,0.6731883883476257,0.6158392429351807,0.4749680757522583,223500.0001780575,542500.0004909576,223 - 542
172144,1721,44,234,POINT (6.404209046530189 52.85633705912856),0.6510204076766968,0.760090172290802,0.7693905830383301,0.6730037927627563,0.6277351379394531,0.48946136236190796,0.5194453597068787,223500.00017807895,541500.0004904164,223 - 541
172124,1721,24,235,POINT (6.4046274715160125 52.87430774931892),0.5767587423324585,0.7132136225700378,0.6119882464408875,0.5919349789619446,0.6780129075050354,0.6076993346214294,0.6057080626487732,223500.00017803485,543500.0004914997,223 - 543
125154,1251,54,236,POINT (6.406095074399964 52.937204434578064),0.7966321110725403,0.8198225498199463,0.7324458956718445,0.7832699418067932,0.854292631149292,0.685985267162323,0.7442567348480225,223500.0001778776,550500.0004952562,223 - 550
171134,1711,34,237,POINT (6.405465507492406 52.91024885276056),0.23510971665382385,0.21003420650959015,0.19614867866039276,0.2607375383377075,0.24066923558712006,0.24857375025749207,0.2742845118045807,223500.00017794533,547500.0004936538,223 - 547
171132,1711,32,238,POINT (6.375739642287592 52.91049870688814),0.8267379403114319,0.8270106315612793,0.7574764490127563,0.8461538553237915,0.8559696674346924,0.7179818749427795,0.742578387260437,221500.00017618344,547500.0004936949,221 - 547
171151,1711,51,239,POINT (6.360475696837766 52.89265015750552),0.7987526059150696,0.8369304537773132,0.8104913830757141,0.816261887550354,0.803892195224762,0.7721419930458069,0.7956084609031677,220500.0001753449,545500.000492641,220 - 545
172111,1721,11,240,POINT (6.360275404835414 52.88366477189032),0.7621569633483887,0.8008179068565369,0.769328236579895,0.773485541343689,0.7734780311584473,0.7444057464599609,0.7327609062194824,220500.00017536638,544500.0004921028,220 - 544
172112,1721,12,241,POINT (6.375129310396395 52.883542716367664),0.5965400338172913,0.6219690442085266,0.6183475255966187,0.6109253168106079,0.6391509175300598,0.6038757562637329,0.666755199432373,221500.00017624913,544500.0004920814,221 - 544
171152,1711,52,242,POINT (6.375332658297465 52.89252806977439),0.45945945382118225,0.48503851890563965,0.45788905024528503,0.3604404926300049,0.8179691433906555,0.32033899426460266,0.721327543258667,221500.0001762268,545500.0004926202,221 - 545
171131,1711,31,243,POINT (6.360876564701439 52.91062085907596),0.7790697813034058,0.8202034831047058,0.7654464840888977,0.8046738505363464,0.8153846263885498,0.7629097700119019,0.7718271613121033,220500.00017530206,547500.0004937152,220 - 547
171141,1711,41,244,POINT (6.360676083437813 52.90163551993715),0.6552486419677734,0.7224334478378296,0.7308772802352905,0.7076612710952759,0.7744534015655518,0.7182770371437073,0.6855894923210144,220500.00017532377,546500.000493179,220 - 546
171142,1711,42,245,POINT (6.375536102238878 52.9015133999843),0.7732316255569458,0.8172059655189514,0.6280992031097412,0.8437414169311523,0.8439461588859558,0.6095669269561768,0.6582860946655273,221500.0001762051,546500.0004931581,221 - 546
171154,1711,54,246,POINT (6.405046291653166 52.89227834748766),0.7718419432640076,0.7719675898551941,0.6841042637825012,0.7276464700698853,0.7639751434326172,0.6574339270591736,0.694934070110321,223500.00017798966,545500.0004925764,223 - 545
171153,1711,53,247,POINT (6.390189523716796 52.8924041330935),0.08162722736597061,0.11815760284662247,0.08826926350593567,0.11089303344488144,0.11436950415372849,0.09158186614513397,0.11452585458755493,222500.00017710892,545500.0004925989,222 - 545
172113,1721,13,248,POINT (6.389983119983876 52.883418812382835),0.6048485040664673,0.6928327679634094,0.49964842200279236,0.6510791182518005,0.6704288721084595,0.6049222946166992,0.6152034997940063,222500.0001771301,544500.00049206,222 - 544
172114,1721,14,249,POINT (6.404836832156276 52.88329305996062),0.22354497015476227,0.46873652935028076,0.41601142287254333,0.4597213864326477,0.6231454014778137,0.511993408203125,0.43869802355766296,223500.000178013,544500.000492039,223 - 544
171143,1711,43,250,POINT (6.390396024932674 52.90138943059389),0.6394876837730408,0.6293153762817383,0.5382140278816223,0.5644505023956299,0.8296211361885071,0.366843044757843,0.6000795364379883,222500.0001770866,546500.0004931376,222 - 546
171133,1711,33,251,POINT (6.390602623699444 52.91037470477472),0.5603392124176025,0.588948130607605,0.49639108777046204,0.49264705181121826,0.5849777460098267,0.5153165459632874,0.5241220593452454,222500.00017706444,547500.000493675,222 - 547
171144,1711,44,252,POINT (6.405255850075564 52.90126361179074),0.6479246616363525,0.6668964624404907,0.5879265069961548,0.7371048331260681,0.589958131313324,0.6392785310745239,0.5513185858726501,223500.00017796812,546500.0004931159,223 - 546
125152,1251,52,253,POINT (6.376350839747631 52.93745448667067),0.467666357755661,0.5467289686203003,0.4301047921180725,0.5455519556999207,0.6096345782279968,0.376963347196579,0.29129573702812195,221500.00017611796,550500.0004952988,221 - 550
171111,1711,11,254,POINT (6.361277811483567 52.92859146703827),0.7597360014915466,0.7096150517463684,0.7387800216674805,0.7906249761581421,0.8201270699501038,0.687912106513977,0.7434360980987549,220500.00017525925,549500.000494788,220 - 549
171121,1711,21,255,POINT (6.3610771406946895 52.919606174812785),0.6946879625320435,0.679207444190979,0.5609756112098694,0.7327014207839966,0.7325408458709717,0.5932203531265259,0.713996171951294,220500.00017528044,548500.000494253,220 - 548
171122,1711,22,256,POINT (6.375943278510564 52.91948399037664),0.5536585450172424,0.4931759536266327,0.5726091861724854,0.4814314544200897,0.6545814275741577,0.6552119255065918,0.5409996509552002,221500.0001761613,548500.0004942315,221 - 548
171112,1711,12,257,POINT (6.3761470109748775 52.92846925034056),0.37800437211990356,0.7588562965393066,0.7210144996643066,0.8131939768791199,0.5925209522247314,0.3070226311683655,0.7864857316017151,221500.00017613953,549500.0004947649,221 - 549
125151,1251,51,258,POINT (6.3614785771342035 52.93757673564323),0.4546591639518738,0.5449008345603943,0.4277854263782501,0.511547327041626,0.578822135925293,0.33637547492980957,0.3727933466434479,220500.0001752377,550500.0004953207,220 - 550
125141,1251,41,259,POINT (6.3616794377127635 52.946561980518496),0.8248127698898315,0.7816625237464905,0.7139601111412048,0.7706598043441772,0.804347813129425,0.6901840567588806,0.6572751998901367,220500.000175216,551500.0004958569,220 - 551
125142,1251,42,260,POINT (6.376554764896012 52.946439699257745),0.47103607654571533,0.632639467716217,0.4371117949485779,0.5735909938812256,0.7042440176010132,0.4478873312473297,0.46281564235687256,221500.00017609485,551500.0004958349,221 - 551
171113,1711,13,261,POINT (6.391016114157731 52.92834518274068),0.6211772561073303,0.5580902695655823,0.561917245388031,0.6015037298202515,0.5800554156303406,0.5772623419761658,0.5997824668884277,222500.0001770198,549500.0004947442,222 - 549
171123,1711,23,262,POINT (6.390809320085112 52.91935995552673),0.8516958951950073,0.8741750717163086,0.7786182761192322,0.8100992441177368,0.6587622761726379,0.3416536748409271,0.7555843591690063,222500.00017704253,548500.0004942118,222 - 548
171124,1711,24,263,POINT (6.405675263972698 52.91923407028792),0.5467442870140076,0.5097313523292542,0.505052387714386,0.4889926612377167,0.46978384256362915,0.6424116492271423,0.5526515245437622,223500.00017792248,548500.0004941897,223 - 548
171114,1711,14,264,POINT (6.405885119585508 52.9282192642635),0.4431893825531006,0.47491639852523804,0.40945708751678467,0.6405529975891113,0.5058823823928833,0.47724974155426025,0.41283538937568665,223500.0001779011,549500.0004947226,223 - 549
125153,1251,53,265,POINT (6.391223005985428 52.9373303863073),0.5959834456443787,0.7931959629058838,0.2593346834182739,0.5404958724975586,0.81691974401474,0.2908841073513031,0.36857813596725464,222500.00017699768,550500.0004952772,222 - 550
125143,1251,43,266,POINT (6.391429995636407 52.946315566117384),0.8632258176803589,0.5178710222244263,0.41493457555770874,0.6412166357040405,0.5507692098617554,0.32546374201774597,0.3812709152698517,222500.0001769757,551500.0004958117,222 - 551
125144,1251,44,267,POINT (6.406305128485258 52.94618958112236),0.07905138283967972,0.08293913304805756,0.08134260773658752,0.1131957471370697,0.10915254056453705,0.09689676761627197,0.08559498935937881,223500.00017785508,551500.0004957899,223 - 551
125131,1251,31,268,POINT (6.36188039328547 52.95554720155473),0.808626651763916,0.7492399215698242,0.7031463980674744,0.7549505233764648,0.7893368005752563,0.7487061619758606,0.747183084487915,220500.00017519415,552500.0004963893,220 - 552
125132,1251,32,269,POINT (6.376758786487274 52.9554248879925),0.6419965624809265,0.6746373772621155,0.7104741930961609,0.8428235054016113,0.8160637617111206,0.8382513523101807,0.8756779432296753,221500.00017607474,552500.0004963684,221 - 552
125133,1251,33,270,POINT (6.391637083178887 52.95530072206164),0.8496381044387817,0.8236407041549683,0.8032327890396118,0.8556126952171326,0.7661310434341431,0.6323613524436951,0.29770147800445557,222500.00017695277,552500.0004963449,222 - 552
125134,1251,34,271,POINT (6.406515281910675 52.9551747037871),0.8467153310775757,0.8324161767959595,0.8082107901573181,0.8397626280784607,0.859225332736969,0.8248439431190491,0.8400537371635437,223500.00017783302,552500.0004963224,223 - 552
